[
    {
        "": "0",
        "Name": "Samsung Galaxy M31 (Space Black, 6GB RAM, 128GB Storage)",
        "Price_In_Rupees": "13,999",
        "ImageUrl": "https://m.media-amazon.com/images/I/71OxJeyywSL._AC_UL320_.jpg",
        "Rating": "4.3 out of 5 stars"
    },
    {
        "": "1",
        "Name": "Redmi Note 10 (Shadow Black, 4GB RAM, 64GB Storage) - Amoled Dot Display | 48MP Sony Sensor IMX582 | Snapdragon 678 Processor",
        "Price_In_Rupees": "12,499",
        "ImageUrl": "https://m.media-amazon.com/images/I/71QY6JV6FhS._AC_UL320_.jpg",
        "Rating": "4.1 out of 5 stars"
    },
    {
        "": "2",
        "Name": "Redmi Note 10 (Aqua Green, 4GB RAM, 64GB Storage)",
        "Price_In_Rupees": "12,499",
        "ImageUrl": "https://m.media-amazon.com/images/I/71OGzLCrjZS._AC_UL320_.jpg",
        "Rating": "4.1 out of 5 stars"
    },
    {
        "": "3",
        "Name": "Redmi Note 10 (Aqua Green, 6GB RAM, 128GB Storage) - Amoled Dot Display | 48MP Sony Sensor IMX582 | Snapdragon 678 Processor",
        "Price_In_Rupees": "14,499",
        "ImageUrl": "https://m.media-amazon.com/images/I/71Kmfs0T0BL._AC_UL320_.jpg",
        "Rating": "4.1 out of 5 stars"
    },
    {
        "": "4",
        "Name": "Redmi Note 10 (Frost White, 4GB RAM, 64GB Storage) - Amoled Dot Display | 48MP Sony Sensor IMX582 | Snapdragon 678 Processor",
        "Price_In_Rupees": "12,499",
        "ImageUrl": "https://m.media-amazon.com/images/I/71SSmaLA7xS._AC_UL320_.jpg",
        "Rating": "4.1 out of 5 stars"
    },
    {
        "": "5",
        "Name": "Redmi Note 10 (Shadow Black, 6GB RAM, 128GB Storage)",
        "Price_In_Rupees": "14,499",
        "ImageUrl": "https://m.media-amazon.com/images/I/71IqJQM2stL._AC_UL320_.jpg",
        "Rating": "4.1 out of 5 stars"
    },
    {
        "": "6",
        "Name": "Samsung Galaxy M31 (Iceberg Blue, 6GB RAM, 128GB Storage)",
        "Price_In_Rupees": "13,999",
        "ImageUrl": "https://m.media-amazon.com/images/I/71ZsMOcpePL._AC_UL320_.jpg",
        "Rating": "4.3 out of 5 stars"
    },
    {
        "": "7",
        "Name": "Redmi Note 9 Pro (Interstellar Black, 4GB RAM, 64GB Storage)- Latest 8nm Snapdragon 720G & Alexa Hands-Free",
        "Price_In_Rupees": "11,999",
        "ImageUrl": "https://m.media-amazon.com/images/I/81fwKtv0VHL._AC_UL320_.jpg",
        "Rating": "4.2 out of 5 stars"
    },
    {
        "": "8",
        "Name": "Oppo A31 (Mystery Black, 6GB RAM, 128GB Storage) with No Cost EMI/Additional Exchange Offers",
        "Price_In_Rupees": "10,990",
        "ImageUrl": "https://m.media-amazon.com/images/I/71KCwNV6MuL._AC_UL320_.jpg",
        "Rating": "4.2 out of 5 stars"
    },
    {
        "": "9",
        "Name": "Oppo A31 (Fantasy White, 6GB RAM, 128GB Storage) with No Cost EMI/Additional Exchange Offers",
        "Price_In_Rupees": "10,990",
        "ImageUrl": "https://m.media-amazon.com/images/I/61IhTtJUXJL._AC_UL320_.jpg",
        "Rating": "4.2 out of 5 stars"
    },
    {
        "": "10",
        "Name": "Samsung Galaxy M31s (Mirage Blue, 6GB RAM, 128GB Storage)",
        "Price_In_Rupees": "16,999",
        "ImageUrl": "https://m.media-amazon.com/images/I/61d-phh4GfL._AC_UL320_.jpg",
        "Rating": "4.3 out of 5 stars"
    },
    {
        "": "11",
        "Name": "Samsung Galaxy M12 (Blue,6GB RAM, 128GB Storage) 6000 mAh with 8nm Processor | True 48 MP Quad Camera | 90Hz Refresh Rate",
        "Price_In_Rupees": "12,499",
        "ImageUrl": "https://m.media-amazon.com/images/I/71yYaNztZ0L._AC_UL320_.jpg",
        "Rating": "4.0 out of 5 stars"
    },
    {
        "": "12",
        "Name": "Redmi Note 9 (Aqua Green, 4GB RAM, 64GB Storage) - 48MP Quad Camera & Full HD+ Display",
        "Price_In_Rupees": "10,999",
        "ImageUrl": "https://m.media-amazon.com/images/I/71X5I1cVfbL._AC_UL320_.jpg",
        "Rating": "4.3 out of 5 stars"
    },
    {
        "": "13",
        "Name": "Redmi Note 9 Pro Max (Interstellar Black, 6GB RAM, 64GB Storage) - 64MP Quad Camera & Alexa Hands-Free Capable",
        "Price_In_Rupees": "14,999",
        "ImageUrl": "https://m.media-amazon.com/images/I/71usqWEJleL._AC_UL320_.jpg",
        "Rating": "4.2 out of 5 stars"
    },
    {
        "": "14",
        "Name": "Redmi Note 9 Pro (Glacier White, 4GB RAM, 64GB Storage) - Latest 8nm Snapdragon 720G &Alexa Hands-Free Capable",
        "Price_In_Rupees": "11,999",
        "ImageUrl": "https://m.media-amazon.com/images/I/81fwKtv0VHL._AC_UL320_.jpg",
        "Rating": "4.2 out of 5 stars"
    },
    {
        "": "15",
        "Name": "Redmi Note 9 Shadow Black, 4GB RAM, 64GB Storage",
        "Price_In_Rupees": "10,999",
        "ImageUrl": "https://m.media-amazon.com/images/I/71X5I1cVfbL._AC_UL320_.jpg",
        "Rating": "4.3 out of 5 stars"
    },
    {
        "": "16",
        "Name": "Redmi Note 9 (Pebble Grey, 4GB RAM 64GB Storage) - 48MP Quad Camera & Full HD+ Display",
        "Price_In_Rupees": "10,999",
        "ImageUrl": "https://m.media-amazon.com/images/I/71X5I1cVfbL._AC_UL320_.jpg",
        "Rating": "4.3 out of 5 stars"
    },
    {
        "": "17",
        "Name": "OPPO A74 5G (Fantastic Purple, 6GB RAM, 128GB Storage)",
        "Price_In_Rupees": "17,990",
        "ImageUrl": "https://m.media-amazon.com/images/I/71geVdy6-OS._AC_UL320_.jpg",
        "Rating": "3.8 out of 5 stars"
    },
    {
        "": "18",
        "Name": "Redmi Note 10 Pro Max (Glacial Blue, 6GB RAM, 128GB Storage) -108MP Quad Camera|120Hz Super Amoled Display",
        "Price_In_Rupees": "19,999",
        "ImageUrl": "https://m.media-amazon.com/images/I/719iIpuMQbL._AC_UL320_.jpg",
        "Rating": "4.1 out of 5 stars"
    },
    {
        "": "19",
        "Name": "Redmi Note 9 (Arctic White, 4GB RAM, 64GB Storage) - 48MP Quad Camera & Full HD+ Display",
        "Price_In_Rupees": "10,999",
        "ImageUrl": "https://m.media-amazon.com/images/I/71X5I1cVfbL._AC_UL320_.jpg",
        "Rating": "4.3 out of 5 stars"
    }
]